HP,1
Asus,2
Dell,3
Manta,4
Acer,5
Crypto,6
Bitmore,7
ZTE,8
Sony,9
Lenovo,10
eStar,11
LG,12
HTC,13
MaxCom,14
Alcatel,15
Google,16
Microsoft,17
Fluo,18
Apple,19
Samsung,20
Nokia,21
MLS,22
Blaupunkt,23
Blu,24
Xiaomi,25
MSI,26
Denver,27
Gigaset,28
Huawei,29
Olympia,30
OnePlus,31
Cubot,32
TrekStor,33
CAT,34
Meizu,35
Ulefone,36
SPC,37
Vivo,38
Razer,39
Xoro,40
Archos,41
Doogee,42
Zopo,43
TP-LINK,44
FlameFox,45
Vero,46
Navitel,47
BQ,48
Elephone,49
BlackView,50
Blackberry,51
Wiko,52
Toshiba,53
Sharp,54
Motorola,55
Mediacom,56
Powertech,57
Ken,58
General,59
Panasonic,60
Tetratab,61
Nintendo,62
Hisense,63
Conceptum,64
Linx,65
Vernee,66
Allview,67
Oukitel,68
Emtec,69
Doro,70
LeEco,71
Quest,72
Trevi,73
Coolpad,74
Fujitsu,75
NVidia,76
Leagoo,77
Odys,78
Onlien,79
VKworld,80
UmiDigi,81
Felix,82
Essential,83
Go,84
Energizer,85
Terra,86
